Sub_Code,Trial,transcript
6ftHZkLW,7,bus
6ftHZkLW,10,pineapple
6ftHZkLW,11,a glove
6ftHZkLW,23,book
6ftHZkLW,43,cake
6ftHZkLW,53,witch
6ftHZkLW,63,sword
6ftHZkLW,65,hat
6ftHZkLW,68,mushroom
6ftHZkLW,101,bridge
6ftHZkLW,105,truck
6ftHZkLW,114,pants
6ftHZkLW,126,bow
6ftHZkLW,128,pelican
6ftHZkLW,178,spoon
6ftHZkLW,186,saw
6ftHZkLW,188,spider
6ftHZkLW,245,paw
7n2a7und,16,bowl
7n2a7und,72,mountain
7n2a7und,116,vase
7n2a7und,121,lightbulb
7n2a7und,160,paw
7n2a7und,178,nurse
7n2a7und,180,box
7n2a7und,186,man
7n2a7und,204,eye
7n2a7und,215,rollingpin
7n2a7und,235,pool
7n2a7und,245,purse
97KtfInO,170,chin
97KtfInO,178,pin
97KtfInO,244,glove
AeNtfGhY,8,fork
AeNtfGhY,43,bed
AeNtfGhY,69,bowl
AeNtfGhY,102,paw
AeNtfGhY,143,faucet
AeNtfGhY,145,bone
AeNtfGhY,170,match
AeNtfGhY,188,letters
AeNtfGhY,204,pillow
AeNtfGhY,216,toes
AeNtfGhY,217,bird
b4XEmCtg,10,ghost flower
b4XEmCtg,119,paw
b4XEmCtg,191,fork
n5WyKu7b,10,duck
n5WyKu7b,82,net
n5WyKu7b,106,bow
n5WyKu7b,162,bee
n5WyKu7b,171,claw
n5WyKu7b,176,foot
n5WyKu7b,246,parrot
OB16YtL7,4,nail
OB16YtL7,8,arm
OB16YtL7,11,neck
OB16YtL7,27,well
OB16YtL7,44,broom
OB16YtL7,76,ball
OB16YtL7,78,ant
OB16YtL7,84,seal
OB16YtL7,85,spoon
OB16YtL7,94,key
OB16YtL7,100,bell
OB16YtL7,109,blanket
OB16YtL7,121,pool
OB16YtL7,129,grill
OB16YtL7,135,duck
OB16YtL7,141,bowl
OB16YtL7,149,bow
OB16YtL7,157,tail
OB16YtL7,159,nail
OB16YtL7,165,heel
OB16YtL7,179,belt
OB16YtL7,184,truck
OB16YtL7,190,glove
OB16YtL7,198,igloo
OB16YtL7,200,wall
OB16YtL7,211,plug
OB16YtL7,227,drill
OB16YtL7,229,curtains
OB16YtL7,232,foot
QgPwhi4C,50,peas
QgPwhi4C,155,tie
QgPwhi4C,194,glove
wPIgEbkZ,61,racket
wPIgEbkZ,75,cup
DgaPj1hX,18,hair
DgaPj1hX,26,thumb
DgaPj1hX,34,pillow
DgaPj1hX,88,can
DgaPj1hX,122,tie
DgaPj1hX,151,pool
DgaPj1hX,159,hat
DgaPj1hX,177,hand
DgaPj1hX,197,hoof
dTqRDLkv,56,drawer
dTqRDLkv,98,eye
dTqRDLkv,104,foot
dTqRDLkv,111,tricycle
dTqRDLkv,120,squirrel
dTqRDLkv,133,key
dTqRDLkv,176,bed
dTqRDLkv,184,ladder
dTqRDLkv,187,pot
dTqRDLkv,189,toe
dTqRDLkv,210,paw
dTqRDLkv,218,phone
dTqRDLkv,230,hook
dTqRDLkv,248,pole
JCT9d1Uf,3,coat
JCT9d1Uf,52,bed
JCT9d1Uf,123,vase
JCT9d1Uf,175,crab
JCT9d1Uf,188,boat
JCT9d1Uf,230,crown
WhqRyYRH,34,pool
WhqRyYRH,52,a glove
WhqRyYRH,61,zebra
WhqRyYRH,114,tank
WhqRyYRH,149,dress
WhqRyYRH,231,skis
sJiC0naK,25,nail
sJiC0naK,28,toilet
sJiC0naK,31,tie
sJiC0naK,35,pizza
sJiC0naK,45,comb
sJiC0naK,48,cake
sJiC0naK,50,snowman
sJiC0naK,51,ball
sJiC0naK,52,kite
sJiC0naK,55,leaf
sJiC0naK,57,saw
sJiC0naK,62,bone
sJiC0naK,68,toe
sJiC0naK,70,window
sJiC0naK,74,roll
sJiC0naK,86,dog
sJiC0naK,87,bowl
sJiC0naK,88,paw
sJiC0naK,106,pumpkin
sJiC0naK,108,nut
sJiC0naK,109,wheel
sJiC0naK,110,moose
sJiC0naK,113,chain
sJiC0naK,115,balloon
sJiC0naK,121,owl
sJiC0naK,123,drill
sJiC0naK,134,thumb
sJiC0naK,142,rope
sJiC0naK,143,pot
sJiC0naK,152,moon
sJiC0naK,158,pig
sJiC0naK,161,bag
sJiC0naK,165,coin
sJiC0naK,188,watch
sJiC0naK,195,mouse
sJiC0naK,200,boat
sJiC0naK,212,feet
sJiC0naK,213,boy
sJiC0naK,214,sled
sJiC0naK,225,eye
sJiC0naK,236,clown
sJiC0naK,237,lion
sJiC0naK,239,teeth
sJiC0naK,244,feet
OWNpYNOV,26,paw
OWNpYNOV,28,collar
OWNpYNOV,34,pool
OWNpYNOV,35,wall
OWNpYNOV,38,page
OWNpYNOV,52,fish
OWNpYNOV,67,rake
OWNpYNOV,98,bed
OWNpYNOV,99,dog
OWNpYNOV,112,hair
OWNpYNOV,137,bridge
OWNpYNOV,141,beard
OWNpYNOV,142,chair
OWNpYNOV,149,fork
OWNpYNOV,168,owl
OWNpYNOV,169,chest
OWNpYNOV,181,paw
OWNpYNOV,190,chair
OWNpYNOV,216,pin
OWNpYNOV,231,kid
lVaGU6tj,30,leaf
lVaGU6tj,88,bell
lVaGU6tj,157,hoof
nww9eCi7,5,pan
nww9eCi7,10,pen
nww9eCi7,45,teeth
nww9eCi7,95,cow
nww9eCi7,96,cat
nww9eCi7,107,paw
nww9eCi7,194,pitcher
nww9eCi7,228,smoke
MgYd6Qui,4,cheese
MgYd6Qui,8,pool
MgYd6Qui,27,hoof
MgYd6Qui,35,moose
MgYd6Qui,37,boat
MgYd6Qui,55,apple
MgYd6Qui,63,comb
MgYd6Qui,69,hoof
MgYd6Qui,85,key
MgYd6Qui,137,bowl
MgYd6Qui,160,mushroom
MgYd6Qui,164,crown
MgYd6Qui,174,bone
MgYd6Qui,184,tent
MgYd6Qui,194,owl
MgYd6Qui,198,leg
MgYd6Qui,205,fence
MgYd6Qui,211,eye
MgYd6Qui,217,spoon
MgYd6Qui,218,sink
MgYd6Qui,225,mouse
MgYd6Qui,241,hose
j11qVoTN,23,feet
j11qVoTN,32,clam
j11qVoTN,44,chest
j11qVoTN,45,nail
j11qVoTN,57,kite
j11qVoTN,165,moon
nsbbspws,22,drill
nsbbspws,29,purse
nsbbspws,39,scale
nsbbspws,54,backpack
nsbbspws,94,bathtub
nsbbspws,123,lawnmower
nsbbspws,141,sink
nsbbspws,144,panda
nsbbspws,145,hawk
nsbbspws,159,crown
nsbbspws,163,banjo
nsbbspws,164,princess
nsbbspws,169,foot
nsbbspws,190,sled
nsbbspws,193,truck
nsbbspws,200,scarf
nsbbspws,203,hoof
nsbbspws,207,pen
nsbbspws,223,saw
nsbbspws,244,knife
nsbbspws,248,belt
439O7MCG,30,crab
439O7MCG,34,hoof
439O7MCG,68,paw
439O7MCG,96,bee
439O7MCG,117,key
439O7MCG,124,bell
439O7MCG,126,broom
439O7MCG,166,pin
439O7MCG,191,railroad
439O7MCG,218,foot
439O7MCG,234,leg
wYQlCqOd,29,bow
wYQlCqOd,100,comb
wYQlCqOd,106,diaper
wYQlCqOd,134,knee
wYQlCqOd,208,paw
wYQlCqOd,214,hoof
wYQlCqOd,246,eye
yCyEKKfW,5,eye
yCyEKKfW,42,shirt
yCyEKKfW,62,hook
yCyEKKfW,75,paw
yCyEKKfW,80,bed
yCyEKKfW,105,hat
yCyEKKfW,113,tent
yCyEKKfW,121,hoof
yCyEKKfW,174,house
yCyEKKfW,215,rake
yCyEKKfW,217,ship
JjwlIXPL,33,bow
JjwlIXPL,55,key
JjwlIXPL,72,bone
LdzbtBGV,16,panda
LdzbtBGV,96,pot
LdzbtBGV,175,teeth
LJdzjKwG,31,nail
LJdzjKwG,36,can
LJdzjKwG,43,boat
LJdzjKwG,193,paw
LJdzjKwG,246,key
USuTlSte,10,can
USuTlSte,31,horse
USuTlSte,89,cage
USuTlSte,143,letter
USuTlSte,153,pen
USuTlSte,224,paw
HJf0Ezl5,106,bowl
HJf0Ezl5,171,can
HJf0Ezl5,210,paw
q2txQxOd,61,shoe
q2txQxOd,117,shovel
q2txQxOd,164,genie
q2txQxOd,201,hoof
wPdpRZfw,27,bow
wPdpRZfw,79,ax
wPdpRZfw,107,hoof
wPdpRZfw,121,hook
wPdpRZfw,125,vase
wPdpRZfw,164,thumb
wPdpRZfw,185,paw
wPdpRZfw,222,frog
AEQ7pGnZ,145,paw
AEQ7pGnZ,202,bone
AEQ7pGnZ,230,power cord
jldj59oY,49,hoof
jldj59oY,114,knife
jldj59oY,120,can
jldj59oY,217,hoof
opx0DIfk,61,safety pin
opx0DIfk,136,bow
opx0DIfk,203,paw
opx0DIfk,225,map
HAQX57PZ,71,pen
HAQX57PZ,191,shovel
HPgSeCJg,48,hoof
jbDDSKEK,119,kangaroo
jbDDSKEK,121,paw
TeIzC5Si,9,hoof
TeIzC5Si,45,vest
TeIzC5Si,94,fence
TeIzC5Si,108,leaf
x7qhJa5e,40,teeth
x7qhJa5e,110,moon
x7qhJa5e,134,pot
x7qhJa5e,244,pool
Y7n1WLGv,6,eye
Y7n1WLGv,47,rat
Y7n1WLGv,53,gun
Y7n1WLGv,61,lion
Y7n1WLGv,69,tent
61wjQ16F,26,vase
61wjQ16F,108,gun
61wjQ16F,163,can
61wjQ16F,231,nurse
hr7GQnV6,199,cup
JyGoqpBD,58,pitcher
A7pjeh2S,26,owl
A7pjeh2S,53,child
A7pjeh2S,96,pen
A7pjeh2S,104,globe
A7pjeh2S,134,girl
A7pjeh2S,140,map
A7pjeh2S,148,hoof
A7pjeh2S,174,belt
A7pjeh2S,218,grape
A7pjeh2S,222,paw
NsmsEa2g,2,bowl
NsmsEa2g,179,plam tree
NsmsEa2g,194,paw
NsmsEa2g,195,jar
NsmsEa2g,196,piggybank
OmLtwAt4,17,vase
S4TnrmmA,37,hook
S4TnrmmA,48,bow
S4TnrmmA,90,vase
S4TnrmmA,138,clown
S4TnrmmA,161,net
S4TnrmmA,180,paw
S4TnrmmA,239,bomb
ic3py9tg,19,key
ic3py9tg,21,roof
ic3py9tg,69,saw
ic3py9tg,80,can
ic3py9tg,85,harp
ic3py9tg,97,dress
ic3py9tg,117,teeth
ic3py9tg,133,bread
ic3py9tg,150,tail
ic3py9tg,162,fork
ic3py9tg,176,sack
ic3py9tg,182,hoof
ic3py9tg,215,paint
ic3py9tg,236,fire
wVBoswOA,26,curtain
wVBoswOA,121,hat
wVBoswOA,129,hand
wVBoswOA,168,safety pin
wVBoswOA,213,roof
zHvOXpD4,28,fence
zHvOXpD4,29,tent
zHvOXpD4,51,cup
zHvOXpD4,61,pot
zHvOXpD4,65,pen
zHvOXpD4,66,foot
zHvOXpD4,128,bed
zHvOXpD4,129,neck
zHvOXpD4,140,hand
zHvOXpD4,145,tie
zHvOXpD4,152,leaves
zHvOXpD4,158,saw
zHvOXpD4,187,city
zHvOXpD4,201,pillow
zHvOXpD4,247,tail
hMIROA1W,107,car
hMIROA1W,150,paw
hMIROA1W,189,horse hoof
JCT9d1Uf,179,beetle
JCT9d1Uf,207,cup
OmLtwAt4,55,teeth
OmLtwAt4,61,bed
OmLtwAt4,63,pillow
OmLtwAt4,243,bell
QkbHJJ1b,6,can
QkbHJJ1b,20,net
QkbHJJ1b,40,peas
QkbHJJ1b,100,bus
QkbHJJ1b,106,paw
QkbHJJ1b,186,bee
6ftHZkLW,69,tie
6ftHZkLW,124,boat
6ftHZkLW,136,unicycle
6ftHZkLW,153,belt
yCyEKKfW,10,flag
yCyEKKfW,48,tie
yCyEKKfW,140,cheese
yCyEKKfW,235,dress
5eV01OVb,54,can
gN2gAsYI,26,hat
gN2gAsYI,51,bee
gN2gAsYI,197,teeth
gN2gAsYI,224,yoyo
ELYtEYBn,81,vase
EqO2ZtUN,2,belt
EqO2ZtUN,12,cup
EqO2ZtUN,21,lizard
EqO2ZtUN,24,bus
EqO2ZtUN,25,knight
EqO2ZtUN,38,scarf
EqO2ZtUN,50,puzzle
EqO2ZtUN,57,hook
EqO2ZtUN,59,chair
EqO2ZtUN,61,sword
EqO2ZtUN,63,unicorn
EqO2ZtUN,71,gun
EqO2ZtUN,72,tail
EqO2ZtUN,76,owl
EqO2ZtUN,77,nail
EqO2ZtUN,82,foot
EqO2ZtUN,83,sled
EqO2ZtUN,93,chair
EqO2ZtUN,120,harp
EqO2ZtUN,139,bug
EqO2ZtUN,143,bear
EqO2ZtUN,154,eye
EqO2ZtUN,161,snail
EqO2ZtUN,162,skunk
EqO2ZtUN,173,pot
EqO2ZtUN,186,anchor
EqO2ZtUN,191,hair
EqO2ZtUN,194,well
EqO2ZtUN,201,a ring
EqO2ZtUN,202,pin
EqO2ZtUN,225,pitcher
EqO2ZtUN,226,shovel
EqO2ZtUN,227,paint
EqO2ZtUN,231,crown
EqO2ZtUN,236,piggybank
8g38eTue,6,trial
8g38eTue,12,watch
8g38eTue,24,bell
8g38eTue,26,bandaid
8g38eTue,29,hand
8g38eTue,36,pillow
8g38eTue,44,crab
8g38eTue,64,peas
8g38eTue,67,egg
8g38eTue,84,wrench
8g38eTue,98,doll
8g38eTue,113,stairs
8g38eTue,116,clip
8g38eTue,122,dog
8g38eTue,124,owl
8g38eTue,148,connector
8g38eTue,160,lizard
8g38eTue,166,bridge
8g38eTue,189,yoyo
8g38eTue,203,tie
8g38eTue,206,eye
8g38eTue,211,steering wheel
8g38eTue,228,paw
8g38eTue,231,motorcycle
8g38eTue,232,drawer
8g38eTue,236,mill
JewmshHZ,22,washer
JewmshHZ,31,false teeth
JewmshHZ,36,pea
JewmshHZ,47,roller
JewmshHZ,53,canoe
JewmshHZ,55,bee
JewmshHZ,97,wig
JewmshHZ,103,shoe
JewmshHZ,104,bee
JewmshHZ,110,bee
JewmshHZ,115,hippopotamus
JewmshHZ,116,clock
JewmshHZ,125,octopus
JewmshHZ,142,owl
JewmshHZ,154,well
JewmshHZ,165,bra
JewmshHZ,171,paw
JewmshHZ,180,baby bottle
JewmshHZ,191,fork
JewmshHZ,199,electric outlet
JewmshHZ,206,foot
JewmshHZ,211,duck
JewmshHZ,226,bird
JewmshHZ,234,barrel
Yf31k4cn,5,carousel
Yf31k4cn,17,hat
Yf31k4cn,18,tank
Yf31k4cn,25,can
Yf31k4cn,106,heart
Yf31k4cn,114,fountain
Yf31k4cn,122,phone
Yf31k4cn,124,pen
Yf31k4cn,133,hoof
Yf31k4cn,145,cloud
Yf31k4cn,161,coat
Yf31k4cn,171,tail
Yf31k4cn,177,clown
Yf31k4cn,182,pot
Yf31k4cn,187,bird
Yf31k4cn,188,plate
Yf31k4cn,208,pin
Yf31k4cn,212,button
Yf31k4cn,233,canoe
1AodAFLX,117,kite
1AodAFLX,141,slide
1AodAFLX,150,bowl
1AodAFLX,159,road
1AodAFLX,169,paw
1AodAFLX,180,moon
1AodAFLX,182,bomb
1AodAFLX,187,foot
1AodAFLX,225,wombat
LjdbzuFh,4,tie
LjdbzuFh,12,foot
LjdbzuFh,56,hoof
LjdbzuFh,68,piano
LjdbzuFh,73,bee
LjdbzuFh,74,paw
LjdbzuFh,102,whale
LjdbzuFh,138,spoon
LjdbzuFh,140,broom
LjdbzuFh,144,clock
LjdbzuFh,164,mouth
LjdbzuFh,173,duck
LjdbzuFh,212,arm
LjdbzuFh,215,vase
LjdbzuFh,237,key
szcTyvn4,49,hoof
szcTyvn4,64,pillow
szcTyvn4,87,rollingpin
szcTyvn4,92,goat
szcTyvn4,112,toes
szcTyvn4,131,tent
szcTyvn4,132,thumb
szcTyvn4,136,bow
szcTyvn4,195,hat
szcTyvn4,235,paw
szcTyvn4,237,balloon
W8rI6sSU,200,mill
XNB2Uw5z,8,vest
XNB2Uw5z,15,palm tree
XNB2Uw5z,16,knife
XNB2Uw5z,22,hoof
XNB2Uw5z,42,foot
XNB2Uw5z,47,mop
XNB2Uw5z,62,plate
XNB2Uw5z,70,bride
XNB2Uw5z,81,bottle
XNB2Uw5z,89,city
XNB2Uw5z,127,bench
XNB2Uw5z,144,pot
XNB2Uw5z,173,safety pin
XNB2Uw5z,185,worm
XNB2Uw5z,190,ladder
XNB2Uw5z,195,sock
XNB2Uw5z,232,paw
7eDt9Gto,146,pail
KaUpiGWZ,5,skis
KaUpiGWZ,9,pot
KaUpiGWZ,45,turtle
KaUpiGWZ,74,hoof
KaUpiGWZ,79,wheel
KaUpiGWZ,90,letter
KaUpiGWZ,210,can
KaUpiGWZ,229,cage
uTlYOegV,92,tent
uTlYOegV,138,map
uTlYOegV,140,hoof
uTlYOegV,198,nail
uTlYOegV,245,mane
bYktXrGU,11,peas
bYktXrGU,21,hoof
bYktXrGU,35,tie
bYktXrGU,47,wing
bYktXrGU,51,paint
bYktXrGU,90,comb
bYktXrGU,127,paw
bYktXrGU,202,cheese
tI4ixSlE,4,frog
tI4ixSlE,6,man
tI4ixSlE,27,pen
tI4ixSlE,54,glove
tI4ixSlE,57,safety pin
tI4ixSlE,60,roof
tI4ixSlE,81,hoof
tI4ixSlE,90,can
tI4ixSlE,181,net
tI4ixSlE,198,fan
tI4ixSlE,219,owl
lZMVpCTA,93,key
lZMVpCTA,122,envelope
lZMVpCTA,169,net
lZMVpCTA,171,knife
lZMVpCTA,235,pallete
lZMVpCTA,238,bench
QqHiACAy,2,mop
QqHiACAy,47,pool
QqHiACAy,70,bird
QqHiACAy,78,pig
QqHiACAy,81,paw
QqHiACAy,125,bomb
8lh34ahO,89,paw
dkLa2imM,68,pail
dkLa2imM,154,bread
dkLa2imM,170,sheets
Ek9OdbZX,25,llama
Ek9OdbZX,88,bowl
Ek9OdbZX,91,teeth
Ek9OdbZX,114,goat
Ek9OdbZX,149,sink
Ek9OdbZX,200,plate
7AtoVXbU,50,paw
7AtoVXbU,146,fly
7AtoVXbU,185,pea
gA35uWSz,74,pear
gA35uWSz,96,belt
gA35uWSz,156,vase
gA35uWSz,190,belt
J6kvSjcf,78,bowl
J6kvSjcf,90,safety pin
J6kvSjcf,178,hoof
J6kvSjcf,218,pen
J6kvSjcf,236,wrench
be77i9RI,15,paw
mf4dydAm,88,hair
mf4dydAm,102,llama
mf4dydAm,188,fireplug
MKQhwf6Z,56,key
MKQhwf6Z,95,paw
MKQhwf6Z,98,spoon
MKQhwf6Z,173,coat
MKQhwf6Z,181,bed
MKQhwf6Z,240,piggybank
prNqzgoi,28,leg
VyUfWf7K,54,can
VyUfWf7K,55,key
VyUfWf7K,156,skis
VyUfWf7K,206,nail
VyUfWf7K,231,bed
VyUfWf7K,241,tail
WX5J1vjH,74,butler
WX5J1vjH,112,hoof
WX5J1vjH,150,pear
WX5J1vjH,186,vase
Yuu2xy38,32,skis
Yuu2xy38,178,hoof
Yuu2xy38,194,boat
iKPA373P,52,peas
FPiMSr70,164,foot
FPiMSr70,203,spoon
FPiMSr70,206,bowl
FPiMSr70,230,ball
j8kMztXk,50,balloon
j8kMztXk,82,belt
j8kMztXk,111,bow
j8kMztXk,112,balloon
qwoPsBeF,9,leg
qwoPsBeF,32,palm tree
qwoPsBeF,194,bow
qwoPsBeF,227,boat
kVk0zB88,29,mop
kVk0zB88,31,rollingpin
kVk0zB88,83,shark
kVk0zB88,94,bowl
kVk0zB88,99,house
kVk0zB88,102,boat
kVk0zB88,107,iron
kVk0zB88,109,hat
kVk0zB88,113,eye
kVk0zB88,200,bull
kVk0zB88,216,bear
kVk0zB88,220,bomb
kVk0zB88,229,ball
kVk0zB88,230,spoon
kVk0zB88,237,queen
69kiO7GR,14,house
69kiO7GR,15,pool
69kiO7GR,23,ball
69kiO7GR,32,bee
69kiO7GR,42,hand
69kiO7GR,85,bus
69kiO7GR,86,safety pin
69kiO7GR,109,paw
69kiO7GR,156,bra
69kiO7GR,178,balloon
69kiO7GR,197,belt
69kiO7GR,211,hoof
geh4frr7,2,face
geh4frr7,34,vase
geh4frr7,58,can
geh4frr7,61,pea
geh4frr7,81,vest
geh4frr7,157,vase
geh4frr7,201,tripod
geh4frr7,202,letter
geh4frr7,204,bomb
geh4frr7,208,plate
geh4frr7,241,pillow
3H3ehvPI,220,paw
3HuSrEOc,12,paw
3HuSrEOc,15,vase
3HuSrEOc,42,comb
3HuSrEOc,44,hat
3HuSrEOc,53,bear
3HuSrEOc,57,stove
3HuSrEOc,67,tent
3HuSrEOc,109,toes
3HuSrEOc,110,foot
3HuSrEOc,132,coat
3HuSrEOc,135,bomb
3HuSrEOc,148,drawer
3HuSrEOc,166,bulb
3HuSrEOc,204,crab
3HuSrEOc,209,wig
3HuSrEOc,220,peas
3HuSrEOc,226,deer
3HuSrEOc,230,owl
3HuSrEOc,245,badge
3HuSrEOc,246,can
44NDQbTR,41,heart
44NDQbTR,70,paint
44NDQbTR,104,hoof
44NDQbTR,105,rope
44NDQbTR,106,paw
44NDQbTR,147,doll
44NDQbTR,148,sled
44NDQbTR,162,shell
44NDQbTR,166,tie
44NDQbTR,172,cat
44NDQbTR,184,tracks
4GfdHIlV,10,stethoscope
4GfdHIlV,57,hook
4GfdHIlV,59,bomb
4GfdHIlV,66,tent
4GfdHIlV,126,cow
4GfdHIlV,133,boy
4GfdHIlV,136,glove
4GfdHIlV,167,clown
4GfdHIlV,194,truck
4GfdHIlV,195,key
4GfdHIlV,205,foot
4GfdHIlV,208,jet
4GfdHIlV,237,pen
Ahn9RyPa,24,hoof
Ahn9RyPa,64,ladder
Ahn9RyPa,177,stethoscope
ajAPWu8K,6,owl
ajAPWu8K,18,waffles
ajAPWu8K,35,pool
ajAPWu8K,44,duck
ajAPWu8K,50,hoof
ajAPWu8K,52,house
ajAPWu8K,61,broom
ajAPWu8K,70,pillar
ajAPWu8K,76,girl
ajAPWu8K,82,rollerskates
ajAPWu8K,103,piggybank
ajAPWu8K,113,rhinoceros
ajAPWu8K,119,rose
ajAPWu8K,141,pear
ajAPWu8K,143,bed
ajAPWu8K,169,carousel
ajAPWu8K,170,bug
ajAPWu8K,183,shirt
ajAPWu8K,191,stove
ajAPWu8K,197,towel
ajAPWu8K,198,tail
ajAPWu8K,210,water horse
ajAPWu8K,211,map
ajAPWu8K,222,paw
ajAPWu8K,231,nail
ajAPWu8K,236,comb
ajAPWu8K,241,pot
BJatMAmo,15,glove
BJatMAmo,27,vase
BJatMAmo,53,peas
BJatMAmo,115,bow
BJatMAmo,166,hoof
BJatMAmo,195,boat
BJatMAmo,205,vat
BJatMAmo,230,plate
BqXwWxKL,21,vest
BqXwWxKL,35,tie
BqXwWxKL,39,can
BqXwWxKL,41,thumb
BqXwWxKL,90,wing
BqXwWxKL,91,duck
BqXwWxKL,99,balloon
BqXwWxKL,117,glass
BqXwWxKL,136,igloo
BqXwWxKL,169,nail
BqXwWxKL,197,seahorse
BqXwWxKL,217,box
Cgx8g2Ai,35,paw
Cgx8g2Ai,107,tank
cRx3ijEa,33,hoof
cRx3ijEa,72,fox
cRx3ijEa,154,foot
cRx3ijEa,171,foot
cRx3ijEa,175,vase
cRx3ijEa,192,knife
cRx3ijEa,200,shot
cRx3ijEa,217,open can
cRx3ijEa,222,pig
F6DdzChR,38,bowl
F6DdzChR,41,well
F6DdzChR,76,cup
F6DdzChR,83,palmtree
F6DdzChR,207,book
fm0OpiWI,6,bone
fm0OpiWI,83,knife
fm0OpiWI,88,ball
fm0OpiWI,94,icecreamcone
fm0OpiWI,101,pea
fm0OpiWI,116,truck
fm0OpiWI,142,harp
fm0OpiWI,152,bee
fm0OpiWI,172,train
fm0OpiWI,175,hoof
fm0OpiWI,199,roof
fm0OpiWI,212,box
fm0OpiWI,245,broom
JudrpSbU,60,moon
JudrpSbU,72,book
JudrpSbU,233,nose
Kqutrs16,17,paw
Kqutrs16,20,glass
Kqutrs16,99,bowl
Kqutrs16,166,key
laTdrxey,103,paw
laTdrxey,115,tank
laTdrxey,168,cat
laTdrxey,216,plants
laTdrxey,237,monkey
md4ZNtYT,4,hammer
md4ZNtYT,76,hoof
OOzt6krd,29,paw
OOzt6krd,107,tail
OOzt6krd,137,paper
OOzt6krd,154,chain
OOzt6krd,172,key
OOzt6krd,182,hook
OOzt6krd,184,paint
OOzt6krd,197,pear
OOzt6krd,213,octopus
OOzt6krd,222,bra
NGF8QSYw,108,tie
NGF8QSYw,111,paw
nJ8sJRJq,127,hoof
nJ8sJRJq,196,vase
nJ8sJRJq,241,fox
pBzzw4AR,2,tail
pBzzw4AR,117,hoof
pBzzw4AR,191,paw
RrNfBbMb,96,vase
uTYzwSqQ,9,tie
uTYzwSqQ,14,llama
uTYzwSqQ,60,hook
uTYzwSqQ,96,pants
uTYzwSqQ,246,pear
XAsDtdWc,53,rhinoceros
XAsDtdWc,67,stethoscope
XAsDtdWc,151,foot
XAsDtdWc,192,keys
xFLzLewq,121,llama
xFLzLewq,124,paw
y6Itu5tw,93,can
y6Itu5tw,182,knife
YCw4soKJ,43,bus
YCw4soKJ,62,ball
YCw4soKJ,75,tie
YCw4soKJ,99,fountain
YCw4soKJ,122,hoof
YCw4soKJ,126,foot
YCw4soKJ,127,pin
YCw4soKJ,129,gun
YCw4soKJ,134,pillow
YCw4soKJ,137,clown
YCw4soKJ,163,knife
YCw4soKJ,165,nail
YCw4soKJ,179,leaf
ylGESwVW,31,bowl
ylGESwVW,47,hoof
ylGESwVW,148,sink
ylGESwVW,197,bomb
ylGESwVW,243,emu
Znr7rTpI,29,pen
Znr7rTpI,35,paw
Znr7rTpI,59,pool
Znr7rTpI,155,thumb
Znr7rTpI,187,hand
Znr7rTpI,219,hat
Znr7rTpI,238,ball